pdb_id,family,subfamily,chain,ligand_resname,dfg_state
3PY9,kinase,,A,,
3Q5I,kinase,,A,,
1CDK,kinase,,A,,
1STC,kinase,,A,,
1DAW,kinase,,A,,
1DAY,kinase,,A,,
1LP4,kinase,,A,,
1LPU,kinase,,A,,
1LR4,kinase,,A,,
1Q8Y,kinase,,A,,
1Q8Z,kinase,,A,,
1Q97,kinase,,A,,
3EYG,kinase,,A,,
3EYH,kinase,,A,,
4KUJ,kinase,,A,,
4NL0,kinase,,A,,
5J3U,kinase,,A,,
6F3F,kinase,,A,,
6G3C,kinase,,A,,
6TLY,kinase,,A,,
6UWA,kinase,,A,,
8U2O,kinase,,A,,
9CMZ,kinase,,A,,
3SRV,kinase,,A,,
5MY8,kinase,,A,,
6SM8,kinase,,A,,
8ZD3,kinase,,A,,
9J4P,kinase,,A,,
9Z8K,kinase,,A,,
1YDR,kinase,,A,,
1YDS,kinase,,A,,
1YDT,kinase,,A,,
2C1A,kinase,,A,,
2C1B,kinase,,A,,
3OZ6,kinase,,A,,
4WUA,kinase,,A,,
6QYX,kinase,,A,,
1B55,kinase,,A,,
1BX6,kinase,,A,,
1IG1,kinase,,A,,
1JKK,kinase,,A,,
1JKL,kinase,,A,,
1QCF,kinase,,A,,
1QPC,kinase,,A,,
1X8B,kinase,,A,,
1XBB,kinase,,A,,
1XBC,kinase,,A,,
1ZTF,kinase,,A,,
1ZTH,kinase,,A,,
2B7A,kinase,,A,,
2C0I,kinase,,A,,
2C0T,kinase,,A,,
2HK5,kinase,,A,,
2IN6,kinase,,A,,
2IO6,kinase,,A,,
2JED,kinase,,A,,
2SRC,kinase,,A,,
2XA4,kinase,,A,,
2XP2,kinase,,A,,
2YFX,kinase,,A,,
2Z2W,kinase,,A,,
3BI6,kinase,,A,,
3BIZ,kinase,,A,,
3CIO,kinase,,A,,
3CQE,kinase,,A,,
3CR0,kinase,,A,,
3E62,kinase,,A,,
3E63,kinase,,A,,
3E64,kinase,,A,,
3FQE,kinase,,A,,
3FQH,kinase,,A,,
3FQS,kinase,,A,,
3FUP,kinase,,A,,
3GEN,kinase,,A,,
3GVU,kinase,,A,,
3HMI,kinase,,A,,
3IOK,kinase,,A,,
3JY9,kinase,,A,,
3K54,kinase,,A,,
3K5V,kinase,,A,,
3KCK,kinase,,A,,
3KF4,kinase,,A,,
3KFA,kinase,,A,,
3KRR,kinase,,A,,
3LPB,kinase,,A,,
3LXK,kinase,,A,,
3LXL,kinase,,A,,
3MPM,kinase,,A,,
3MS9,kinase,,A,,
3MSS,kinase,,A,,
3NMD,kinase,,A,,
3OCS,kinase,,A,,
3OCT,kinase,,A,,
3ORI,kinase,,A,,
3ORK,kinase,,A,,
3ORM,kinase,,A,,
3ORO,kinase,,A,,
3ORP,kinase,,A,,
3ORT,kinase,,A,,
3OXZ,kinase,,A,,
3OY3,kinase,,A,,
3PIX,kinase,,A,,
3PIZ,kinase,,A,,
3PJ1,kinase,,A,,
3PJ2,kinase,,A,,
3PJ3,kinase,,A,,
3PJC,kinase,,A,,
3PYY,kinase,,A,,
3Q32,kinase,,A,,
3QRI,kinase,,A,,
3QRJ,kinase,,A,,
3QRK,kinase,,A,,
3RP9,kinase,,A,,
3RVG,kinase,,A,,
3TJC,kinase,,A,,
3TK1,kinase,,A,,
3TUB,kinase,,A,,
3TUC,kinase,,A,,
3TUD,kinase,,A,,
3UA6,kinase,,A,,
3UE4,kinase,,A,,
3UGC,kinase,,A,,
3VF8,kinase,,A,,
3VF9,kinase,,A,,
3VRY,kinase,,A,,
3VRZ,kinase,,A,,
3VS1,kinase,,A,,
3VS3,kinase,,A,,
3VS6,kinase,,A,,
3ZC6,kinase,,A,,
3ZEP,kinase,,A,,
4AQC,kinase,,A,,
4BBE,kinase,,A,,
4BBF,kinase,,A,,
4C3F,kinase,,A,,
4C61,kinase,,A,,
4D0W,kinase,,A,,
4D0X,kinase,,A,,
4D1S,kinase,,A,,
4D8K,kinase,,A,,
4DFL,kinase,,A,,
4DFN,kinase,,A,,
4E4L,kinase,,A,,
4E4M,kinase,,A,,
4E4N,kinase,,A,,
4E5W,kinase,,A,,
4E6D,kinase,,A,,
4E6Q,kinase,,A,,
4EHZ,kinase,,A,,
4EI4,kinase,,A,,
4ESQ,kinase,,A,,
4F09,kinase,,A,,
4F4P,kinase,,A,,
4FK6,kinase,,A,,
4FL1,kinase,,A,,
4FL2,kinase,,A,,
4FL3,kinase,,A,,
4FVP,kinase,,A,,
4FVQ,kinase,,A,,
4FVR,kinase,,A,,
4FYN,kinase,,A,,
4FYO,kinase,,A,,
4FZ6,kinase,,A,,
4FZ7,kinase,,A,,
4GFG,kinase,,A,,
4GFM,kinase,,A,,
4GMY,kinase,,A,,
4HGE,kinase,,A,,
4HVD,kinase,,A,,
4HVH,kinase,,A,,
4HVI,kinase,,A,,
4I0R,kinase,,A,,
4I0S,kinase,,A,,
4I0T,kinase,,A,,
4I5C,kinase,,A,,
4I6Q,kinase,,A,,
4IVA,kinase,,A,,
4IVB,kinase,,A,,
4IVC,kinase,,A,,
4IVD,kinase,,A,,
4J9B,kinase,,A,,
4JI9,kinase,,A,,
4JIA,kinase,,A,,
4JJB,kinase,,A,,
4JJC,kinase,,A,,
4JJD,kinase,,A,,
4JWQ,kinase,,A,,
4K77,kinase,,A,,
4MN5,kinase,,A,,
4MN6,kinase,,A,,
4NWM,kinase,,A,,
4OFF,kinase,,A,,
4OFG,kinase,,A,,
4OT5,kinase,,A,,
4OT6,kinase,,A,,
4OTF,kinase,,A,,
4OTQ,kinase,,A,,
4OTR,kinase,,A,,
4P7E,kinase,,A,,
4PUZ,kinase,,A,,
4PV0,kinase,,A,,
4PX6,kinase,,A,,
4QPS,kinase,,A,,
4QT1,kinase,,A,,
4RFY,kinase,,A,,
4RFZ,kinase,,A,,
4RG0,kinase,,A,,
4RSS,kinase,,A,,
4RX5,kinase,,A,,
4RX7,kinase,,A,,
4RX8,kinase,,A,,
4RX9,kinase,,A,,
4TWP,kinase,,A,,
4U17,kinase,,A,,
4WA9,kinase,,A,,
4WNM,kinase,,A,,
4XG3,kinase,,A,,
4XG4,kinase,,A,,
4XG6,kinase,,A,,
4XG7,kinase,,A,,
4XG8,kinase,,A,,
4YHF,kinase,,A,,
4YJO,kinase,,A,,
4YJP,kinase,,A,,
4YJQ,kinase,,A,,
4YJR,kinase,,A,,
4YJS,kinase,,A,,
4YJT,kinase,,A,,
4YJU,kinase,,A,,
4YJV,kinase,,A,,
4YTC,kinase,,A,,
4YTF,kinase,,A,,
4YTH,kinase,,A,,
4Z3V,kinase,,A,,
4ZLY,kinase,,A,,
4ZLZ,kinase,,A,,
4ZOG,kinase,,A,,
5AEP,kinase,,A,,
5BPY,kinase,,A,,
5BQ0,kinase,,A,,
5CF4,kinase,,A,,
5CF5,kinase,,A,,
5CF6,kinase,,A,,
5CF8,kinase,,A,,
5CXH,kinase,,A,,
5CXZ,kinase,,A,,
5CY3,kinase,,A,,
5DYK,kinase,,A,,
5E16,kinase,,A,,
5E1E,kinase,,A,,
5FBN,kinase,,A,,
5FBO,kinase,,A,,
5H09,kinase,,A,,
5H0B,kinase,,A,,
5H0E,kinase,,A,,
5H0G,kinase,,A,,
5H0H,kinase,,A,,
5HU9,kinase,,A,,
5HX8,kinase,,A,,
5I4N,kinase,,A,,
5IG0,kinase,,A,,
5J87,kinase,,A,,
5JRS,kinase,,A,,
5K0X,kinase,,A,,
5KHW,kinase,,A,,
5KHX,kinase,,A,,
5KUP,kinase,,A,,
5L3A,kinase,,A,,
5LMA,kinase,,A,,
5LMB,kinase,,A,,
5LWM,kinase,,A,,
5LWN,kinase,,A,,
5MO4,kinase,,A,,
5OAZ,kinase,,A,,
5P9F,kinase,,A,,
5P9G,kinase,,A,,
5P9H,kinase,,A,,
5P9I,kinase,,A,,
5P9J,kinase,,A,,
5P9K,kinase,,A,,
5P9L,kinase,,A,,
5P9M,kinase,,A,,
5T18,kinase,,A,,
5TC0,kinase,,A,,
5TIU,kinase,,A,,
5TOZ,kinase,,A,,
5TQ4,kinase,,A,,
5TQ5,kinase,,A,,
5TQ6,kinase,,A,,
5TQ7,kinase,,A,,
5TQ8,kinase,,A,,
5TR6,kinase,,A,,
5TT7,kinase,,A,,
5TTS,kinase,,A,,
5TTU,kinase,,A,,
5TTV,kinase,,A,,
5U6C,kinase,,A,,
5U9D,kinase,,A,,
5USY,kinase,,A,,
5USZ,kinase,,A,,
1C9J,serine_protease,,A,,
1C9M,serine_protease,,A,,
1EA7,serine_protease,,A,,
1Q5P,serine_protease,,A,,
1QY6,serine_protease,,A,,
1ZYO,serine_protease,,A,,
2AS9,serine_protease,,A,,
2OUA,serine_protease,,A,,
3TI9,serine_protease,,A,,
6F9M,serine_protease,,A,,
6YV5,serine_protease,,A,,
6YV6,serine_protease,,A,,
7L71,serine_protease,,A,,
8X39,serine_protease,,A,,
9J9A,serine_protease,,A,,
1O5E,serine_protease,,A,,
1O5F,serine_protease,,A,,
1P57,serine_protease,,A,,
5GJ4,serine_protease,,A,,
7H1H,serine_protease,,A,,
7H1I,serine_protease,,A,,
7H1J,serine_protease,,A,,
7H1K,serine_protease,,A,,
7H1L,serine_protease,,A,,
7H1M,serine_protease,,A,,
7H1N,serine_protease,,A,,
7H1O,serine_protease,,A,,
7H1P,serine_protease,,A,,
7H1Q,serine_protease,,A,,
7H1R,serine_protease,,A,,
7H1S,serine_protease,,A,,
7H1T,serine_protease,,A,,
7H1U,serine_protease,,A,,
7H1V,serine_protease,,A,,
7H1W,serine_protease,,A,,
7H1X,serine_protease,,A,,
7H1Y,serine_protease,,A,,
7H1Z,serine_protease,,A,,
7H20,serine_protease,,A,,
7H21,serine_protease,,A,,
7H22,serine_protease,,A,,
7H23,serine_protease,,A,,
7H24,serine_protease,,A,,
7H25,serine_protease,,A,,
7H26,serine_protease,,A,,
7H27,serine_protease,,A,,
7H28,serine_protease,,A,,
7H29,serine_protease,,A,,
7H2A,serine_protease,,A,,
7H2B,serine_protease,,A,,
7H2C,serine_protease,,A,,
7H2D,serine_protease,,A,,
7H2E,serine_protease,,A,,
7H2F,serine_protease,,A,,
7H2G,serine_protease,,A,,
7H2H,serine_protease,,A,,
7H2I,serine_protease,,A,,
7H2J,serine_protease,,A,,
7H2K,serine_protease,,A,,
7H2L,serine_protease,,A,,
7H2M,serine_protease,,A,,
7H2N,serine_protease,,A,,
7H2O,serine_protease,,A,,
7H2P,serine_protease,,A,,
7H2Q,serine_protease,,A,,
7H2R,serine_protease,,A,,
7H2S,serine_protease,,A,,
7HOJ,serine_protease,,A,,
7HOK,serine_protease,,A,,
7HOL,serine_protease,,A,,
7HOM,serine_protease,,A,,
7HOO,serine_protease,,A,,
7HOP,serine_protease,,A,,
7HOQ,serine_protease,,A,,
7HOR,serine_protease,,A,,
7HOS,serine_protease,,A,,
7HOT,serine_protease,,A,,
7HOU,serine_protease,,A,,
7HOV,serine_protease,,A,,
7HOW,serine_protease,,A,,
7HOX,serine_protease,,A,,
7HOY,serine_protease,,A,,
7HOZ,serine_protease,,A,,
7HP0,serine_protease,,A,,
7HP1,serine_protease,,A,,
7HP2,serine_protease,,A,,
7HP3,serine_protease,,A,,
7HP4,serine_protease,,A,,
7HP5,serine_protease,,A,,
7HP6,serine_protease,,A,,
7HP7,serine_protease,,A,,
7HP8,serine_protease,,A,,
7HP9,serine_protease,,A,,
7HPA,serine_protease,,A,,
7HPB,serine_protease,,A,,
7HPC,serine_protease,,A,,
7HPD,serine_protease,,A,,
7HPE,serine_protease,,A,,
7HPF,serine_protease,,A,,
7HPG,serine_protease,,A,,
7HPH,serine_protease,,A,,
7I1K,serine_protease,,A,,
7I1L,serine_protease,,A,,
7I1M,serine_protease,,A,,
7I1N,serine_protease,,A,,
7I1O,serine_protease,,A,,
7I1P,serine_protease,,A,,
7I1Q,serine_protease,,A,,
7I1S,serine_protease,,A,,
7I1T,serine_protease,,A,,
7I1V,serine_protease,,A,,
7I1W,serine_protease,,A,,
7I1Y,serine_protease,,A,,
7I1Z,serine_protease,,A,,
7I20,serine_protease,,A,,
7I21,serine_protease,,A,,
7I22,serine_protease,,A,,
7I9J,serine_protease,,A,,
7I9K,serine_protease,,A,,
7I9L,serine_protease,,A,,
7I9M,serine_protease,,A,,
7I9N,serine_protease,,A,,
7I9O,serine_protease,,A,,
7I9P,serine_protease,,A,,
7I9Q,serine_protease,,A,,
7I9S,serine_protease,,A,,
7I9U,serine_protease,,A,,
7I9V,serine_protease,,A,,
7I9W,serine_protease,,A,,
7I9X,serine_protease,,A,,
7I9Y,serine_protease,,A,,
7I9Z,serine_protease,,A,,
7IA0,serine_protease,,A,,
7IA2,serine_protease,,A,,
7IA3,serine_protease,,A,,
7IA4,serine_protease,,A,,
7IA5,serine_protease,,A,,
7IA6,serine_protease,,A,,
7IA7,serine_protease,,A,,
7IA8,serine_protease,,A,,
7IA9,serine_protease,,A,,
7IAA,serine_protease,,A,,
7IAB,serine_protease,,A,,
7IAC,serine_protease,,A,,
7IAD,serine_protease,,A,,
7IAE,serine_protease,,A,,
7IAF,serine_protease,,A,,
7IAH,serine_protease,,A,,
7IAI,serine_protease,,A,,
7IAJ,serine_protease,,A,,
7IAK,serine_protease,,A,,
7IAL,serine_protease,,A,,
7IAM,serine_protease,,A,,
7IAN,serine_protease,,A,,
7IAO,serine_protease,,A,,
7IAP,serine_protease,,A,,
7VXX,serine_protease,,A,,
7ZLC,serine_protease,,A,,
7ZLD,serine_protease,,A,,
7ZMI,serine_protease,,A,,
7ZNO,serine_protease,,A,,
7ZPD,serine_protease,,A,,
7ZQ1,serine_protease,,A,,
7ZQF,serine_protease,,A,,
7ZTM,serine_protease,,A,,
7ZUM,serine_protease,,A,,
7ZV4,serine_protease,,A,,
7ZVV,serine_protease,,A,,
7ZW5,serine_protease,,A,,
7ZYS,serine_protease,,A,,
8A15,serine_protease,,A,,
9RM4,serine_protease,,A,,
9RM6,serine_protease,,A,,
9RM7,serine_protease,,A,,
1V6C,serine_protease,,A,,
1Y9Z,serine_protease,,A,,
2PFE,serine_protease,,A,,
2W5E,serine_protease,,A,,
3HJR,serine_protease,,A,,
3SLJ,serine_protease,,A,,
3SLT,serine_protease,,A,,
3TJO,serine_protease,,A,,
3TJQ,serine_protease,,A,,
3UFA,serine_protease,,A,,
4K1T,serine_protease,,A,,
4MVN,serine_protease,,A,,
4OJQ,serine_protease,,A,,
4OK3,serine_protease,,A,,
4OK5,serine_protease,,A,,
4OK6,serine_protease,,A,,
4OKS,serine_protease,,A,,
4Q7Z,serine_protease,,A,,
5CE1,serine_protease,,A,,
5E4F,serine_protease,,A,,
5MM8,serine_protease,,A,,
6ADW,serine_protease,,A,,
6ADX,serine_protease,,A,,
6ADY,serine_protease,,A,,
6SF7,serine_protease,,A,,
6Z0Y,serine_protease,,A,,
8WEN,metalloprotease,,A,,
5NJ5,metalloprotease,,A,,
5NJB,metalloprotease,,A,,
3U1R,metalloprotease,,A,,
3UJZ,metalloprotease,,A,,
4DNY,metalloprotease,,A,,
4GER,metalloprotease,,A,,
6IFF,metalloprotease,,A,,
6IK4,metalloprotease,,A,,
6KOY,metalloprotease,,A,,
7BB8,metalloprotease,,A,,
3NQZ,metalloprotease,,A,,
5NJA,metalloprotease,,A,,
3NQX,metalloprotease,,A,,
4ON1,metalloprotease,,A,,
5A0P,metalloprotease,,A,,
6A8Z,metalloprotease,,A,,
6IXX,metalloprotease,,A,,
6KOZ,metalloprotease,,A,,
6KP0,metalloprotease,,A,,
6KP1,metalloprotease,,A,,
5NJ9,metalloprotease,,A,,
5NJF,metalloprotease,,A,,
1IXZ,metalloprotease,,A,,
3E11,metalloprotease,,A,,
7XFT,metalloprotease,,A,,
5NJC,metalloprotease,,A,,
4M8A,metalloprotease,,A,,
5A0R,metalloprotease,,A,,
5A0X,metalloprotease,,A,,
9GRF,metalloprotease,,A,,
9GRJ,metalloprotease,,A,,
6IFG,metalloprotease,,A,,
2FGE,metalloprotease,,A,,
5JIG,metalloprotease,,A,,
5LN5,metalloprotease,,A,,
7JTV,metalloprotease,,A,,
1KUF,metalloprotease,,A,,
2VQX,metalloprotease,,A,,
1KUG,metalloprotease,,A,,
1KUI,metalloprotease,,A,,
1KUK,metalloprotease,,A,,
6YA1,metalloprotease,,A,,
6YZE,metalloprotease,,A,,
7OC7,metalloprotease,,A,,
7QFY,metalloprotease,,A,,
7QP3,metalloprotease,,A,,
9H0X,metalloprotease,,A,,
9H0Y,metalloprotease,,A,,
3MA2,metalloprotease,,A,,
3UTZ,metalloprotease,,A,,
4K90,metalloprotease,,A,,
4WZV,metalloprotease,,A,,
4XCT,metalloprotease,,A,,
5CUH,metalloprotease,,A,,
5I12,metalloprotease,,A,,
5TH6,metalloprotease,,A,,
6ESM,metalloprotease,,A,,
1G49,metalloprotease,,A,,
1JJ9,metalloprotease,,A,,
1L6J,metalloprotease,,A,,
1MMB,metalloprotease,,A,,
1RM8,metalloprotease,,A,,
2W12,metalloprotease,,A,,
2W13,metalloprotease,,A,,
2W14,metalloprotease,,A,,
2W15,metalloprotease,,A,,
3C7X,metalloprotease,,A,,
4H1Q,metalloprotease,,A,,
4H3X,metalloprotease,,A,,
4H82,metalloprotease,,A,,
4HMA,metalloprotease,,A,,
4J4M,metalloprotease,,A,,
4M4C,metalloprotease,,A,,
5UE3,metalloprotease,,A,,
5UE4,metalloprotease,,A,,
7Z6T,metalloprotease,,A,,
8H78,metalloprotease,,A,,
8K5V,metalloprotease,,A,,
8K5W,metalloprotease,,A,,
8K5X,metalloprotease,,A,,
8K5Y,metalloprotease,,A,,
9SOP,metalloprotease,,A,,
9SOQ,metalloprotease,,A,,
3SSB,metalloprotease,,A,,
1JIW,metalloprotease,,A,,
3GBO,metalloprotease,,A,,
1ATL,metalloprotease,,A,,
3CKI,metalloprotease,,A,,
3V96,metalloprotease,,A,,
4ILW,metalloprotease,,A,,
6MAV,metalloprotease,,A,,
6X5X,metalloprotease,,A,,
7S7L,metalloprotease,,A,,
2E2D,metalloprotease,,A,,
3VI1,metalloprotease,,A,,
7XRX,metalloprotease,,A,,
3L0T,metalloprotease,,A,,
3L0V,metalloprotease,,A,,
3LE9,metalloprotease,,A,,
3LEA,metalloprotease,,A,,
3LGP,metalloprotease,,A,,
4DD8,metalloprotease,,A,,
7SKL,metalloprotease,,A,,
7SKM,metalloprotease,,A,,
3HY7,metalloprotease,,A,,
3HYG,metalloprotease,,A,,
3LJT,metalloprotease,,A,,
3Q2G,metalloprotease,,A,,
3Q2H,metalloprotease,,A,,
4Q1L,metalloprotease,,A,,
4WK7,metalloprotease,,A,,
4WKE,metalloprotease,,A,,
4WKI,metalloprotease,,A,,
6YJM,metalloprotease,,A,,
5H0U,metalloprotease,,A,,
4QXU,metalloprotease,,A,,
7CQF,metalloprotease,,A,,
4JIJ,metalloprotease,,A,,
4JQG,metalloprotease,,A,,
7XJO,metalloprotease,,A,,
8CQY,metalloprotease,,A,,
2OW0,metalloprotease,,A,,
2OW1,metalloprotease,,A,,
2OVX,metalloprotease,,A,,
2OVZ,metalloprotease,,A,,
4P3C,metalloprotease,,A,,
4P3D,metalloprotease,,A,,
1A85,metalloprotease,,A,,
1A86,metalloprotease,,A,,
456C,metalloprotease,,A,,
830C,metalloprotease,,A,,
966C,metalloprotease,,A,,
1FBL,metalloprotease,,A,,
1YUC,nuclear_receptor,,A,,
1YOK,nuclear_receptor,,A,,
1ZDU,nuclear_receptor,,A,,
3KYT,nuclear_receptor,,A,,
3L0J,nuclear_receptor,,A,,
5APH,nuclear_receptor,,A,,
5APJ,nuclear_receptor,,A,,
5APK,nuclear_receptor,,A,,
5X8Q,nuclear_receptor,,A,,
6IVX,nuclear_receptor,,A,,
7OFI,nuclear_receptor,,A,,
7OFK,nuclear_receptor,,A,,
8X7E,nuclear_receptor,,A,,
9VNX,nuclear_receptor,,A,,
4S15,nuclear_receptor,,A,,
5NTN,nuclear_receptor,,A,,
5NTW,nuclear_receptor,,A,,
5NU1,nuclear_receptor,,A,,
6FZU,nuclear_receptor,,A,,
6G05,nuclear_receptor,,A,,
6G07,nuclear_receptor,,A,,
7KXE,nuclear_receptor,,A,,
7KXF,nuclear_receptor,,A,,
1DB1,nuclear_receptor,,A,,
1M13,nuclear_receptor,,A,,
1N83,nuclear_receptor,,A,,
1S0X,nuclear_receptor,,A,,
3B0W,nuclear_receptor,,A,,
4QM0,nuclear_receptor,,A,,
4WG0,nuclear_receptor,,A,,
4YMQ,nuclear_receptor,,A,,
4YPQ,nuclear_receptor,,A,,
4ZJW,nuclear_receptor,,A,,
4ZOM,nuclear_receptor,,A,,
5C4O,nuclear_receptor,,A,,
5C4S,nuclear_receptor,,A,,
5C4T,nuclear_receptor,,A,,
5C4U,nuclear_receptor,,A,,
5IXK,nuclear_receptor,,A,,
5LWP,nuclear_receptor,,A,,
5M96,nuclear_receptor,,A,,
5NTK,nuclear_receptor,,A,,
5NTP,nuclear_receptor,,A,,
5NTQ,nuclear_receptor,,A,,
5UFR,nuclear_receptor,,A,,
5X8S,nuclear_receptor,,A,,
6B33,nuclear_receptor,,A,,
6BN6,nuclear_receptor,,A,,
6CN5,nuclear_receptor,,A,,
6CN6,nuclear_receptor,,A,,
6E3E,nuclear_receptor,,A,,
6FGQ,nuclear_receptor,,A,,
6J1L,nuclear_receptor,,A,,
6LO9,nuclear_receptor,,A,,
6LOB,nuclear_receptor,,A,,
6LOC,nuclear_receptor,,A,,
6NWS,nuclear_receptor,,A,,
6NWT,nuclear_receptor,,A,,
6O98,nuclear_receptor,,A,,
6Q2W,nuclear_receptor,,A,,
6Q6M,nuclear_receptor,,A,,
6Q6O,nuclear_receptor,,A,,
6Q7A,nuclear_receptor,,A,,
6Q7H,nuclear_receptor,,A,,
6SAL,nuclear_receptor,,A,,
6SLZ,nuclear_receptor,,A,,
6T4G,nuclear_receptor,,A,,
6T4I,nuclear_receptor,,A,,
6T4J,nuclear_receptor,,A,,
6T4K,nuclear_receptor,,A,,
6T4T,nuclear_receptor,,A,,
6T4U,nuclear_receptor,,A,,
6T4W,nuclear_receptor,,A,,
6T4X,nuclear_receptor,,A,,
6T4Y,nuclear_receptor,,A,,
6T50,nuclear_receptor,,A,,
6TLM,nuclear_receptor,,A,,
6TLQ,nuclear_receptor,,A,,
6TLT,nuclear_receptor,,A,,
6VQF,nuclear_receptor,,A,,
6XAE,nuclear_receptor,,A,,
6XFV,nuclear_receptor,,A,,
7JH2,nuclear_receptor,,A,,
7JTM,nuclear_receptor,,A,,
7LUK,nuclear_receptor,,A,,
7NEC,nuclear_receptor,,A,,
7NP5,nuclear_receptor,,A,,
7NP6,nuclear_receptor,,A,,
7NPC,nuclear_receptor,,A,,
8FAV,nuclear_receptor,,A,,
8FB1,nuclear_receptor,,A,,
8FB2,nuclear_receptor,,A,,
8GXP,nuclear_receptor,,A,,
9N9L,nuclear_receptor,,A,,
1NRL,nuclear_receptor,,A,,
4NIE,nuclear_receptor,,A,,
7KXD,nuclear_receptor,,A,,
7W3P,nuclear_receptor,,A,,
7W3Q,nuclear_receptor,,A,,
4RWV,nuclear_receptor,,A,,
8SVT,nuclear_receptor,,A,,
8SVX,nuclear_receptor,,A,,
4FHI,nuclear_receptor,,A,,
4WPF,nuclear_receptor,,A,,
4ZEY,nuclear_receptor,,A,,
5G42,nuclear_receptor,,A,,
5G44,nuclear_receptor,,A,,
5G45,nuclear_receptor,,A,,
5G46,nuclear_receptor,,A,,
5YP6,nuclear_receptor,,A,,
4DOS,nuclear_receptor,,A,,
4PLD,nuclear_receptor,,A,,
4PLE,nuclear_receptor,,A,,
5A86,nuclear_receptor,,A,,
5SYZ,nuclear_receptor,,A,,
6HTY,nuclear_receptor,,A,,
6OQX,nuclear_receptor,,A,,
6OQY,nuclear_receptor,,A,,
6OR1,nuclear_receptor,,A,,
6TFI,nuclear_receptor,,A,,
6VC2,nuclear_receptor,,A,,
6VIF,nuclear_receptor,,A,,
7JYD,nuclear_receptor,,A,,
7YFK,nuclear_receptor,,A,,
8F5Y,nuclear_receptor,,A,,
9SMQ,nuclear_receptor,,A,,
6NX1,nuclear_receptor,,A,,
6XP9,nuclear_receptor,,A,,
6ZBU,nuclear_receptor,,A,,
1GWQ,nuclear_receptor,,A,,
1M2Z,nuclear_receptor,,A,,
1T5Z,nuclear_receptor,,A,,
1T63,nuclear_receptor,,A,,
1T65,nuclear_receptor,,A,,
1YMT,nuclear_receptor,,A,,
1ZKY,nuclear_receptor,,A,,
2B1V,nuclear_receptor,,A,,
2B1Z,nuclear_receptor,,A,,
2FAI,nuclear_receptor,,A,,
2G5O,nuclear_receptor,,A,,
2Q3Y,nuclear_receptor,,A,,
2Q7J,nuclear_receptor,,A,,
2Q7L,nuclear_receptor,,A,,
2QAB,nuclear_receptor,,A,,
2QGT,nuclear_receptor,,A,,
2QGW,nuclear_receptor,,A,,
2QR9,nuclear_receptor,,A,,
2QSE,nuclear_receptor,,A,,
2QXM,nuclear_receptor,,A,,
3BQD,nuclear_receptor,,A,,
3E7C,nuclear_receptor,,A,,
3HM1,nuclear_receptor,,A,,
3L03,nuclear_receptor,,A,,
3L0L,nuclear_receptor,,A,,
3L3X,nuclear_receptor,,A,,
3L3Z,nuclear_receptor,,A,,
3UP0,nuclear_receptor,,A,,
3UP3,nuclear_receptor,,A,,
4CSJ,nuclear_receptor,,A,,
4DMA,nuclear_receptor,,A,,
4IU7,nuclear_receptor,,A,,
4IUI,nuclear_receptor,,A,,
4IV2,nuclear_receptor,,A,,
4IV4,nuclear_receptor,,A,,
4IVW,nuclear_receptor,,A,,
4IVY,nuclear_receptor,,A,,
4IW6,nuclear_receptor,,A,,
4IW8,nuclear_receptor,,A,,
4IWC,nuclear_receptor,,A,,
4IWF,nuclear_receptor,,A,,
4MDD,nuclear_receptor,,A,,
4MG5,nuclear_receptor,,A,,
4MG6,nuclear_receptor,,A,,
4MGC,nuclear_receptor,,A,,
4P6W,nuclear_receptor,,A,,
4P6X,nuclear_receptor,,A,,
4PP6,nuclear_receptor,,A,,
4PPS,nuclear_receptor,,A,,
4PXM,nuclear_receptor,,A,,
4UDA,nuclear_receptor,,A,,
4UDB,nuclear_receptor,,A,,
4UDC,nuclear_receptor,,A,,
4UDD,nuclear_receptor,,A,,
4ZN7,nuclear_receptor,,A,,
4ZN9,nuclear_receptor,,A,,
4ZNH,nuclear_receptor,,A,,
4ZNS,nuclear_receptor,,A,,
4ZNT,nuclear_receptor,,A,,
4ZNU,nuclear_receptor,,A,,
4ZNV,nuclear_receptor,,A,,
4ZNW,nuclear_receptor,,A,,
5DI7,nuclear_receptor,,A,,
5DID,nuclear_receptor,,A,,
5DIE,nuclear_receptor,,A,,
5DIG,nuclear_receptor,,A,,
5DK9,nuclear_receptor,,A,,
5DKB,nuclear_receptor,,A,,
5DKG,nuclear_receptor,,A,,
5DL4,nuclear_receptor,,A,,
5DLR,nuclear_receptor,,A,,
4G75,phosphodiesterase,,A,,
5H2Q,phosphodiesterase,,A,,
5H2R,phosphodiesterase,,A,,
5L8C,phosphodiesterase,,A,,
5L8Y,phosphodiesterase,,A,,
5L9H,phosphodiesterase,,A,,
5O1U,phosphodiesterase,,A,,
5O70,phosphodiesterase,,A,,
5O7F,phosphodiesterase,,A,,
5VYD,phosphodiesterase,,A,,
6CPT,phosphodiesterase,,A,,
6CPU,phosphodiesterase,,A,,
6EZU,phosphodiesterase,,A,,
6FDS,phosphodiesterase,,A,,
6FDW,phosphodiesterase,,A,,
6FDX,phosphodiesterase,,A,,
6FE3,phosphodiesterase,,A,,
6FG5,phosphodiesterase,,A,,
6FRD,phosphodiesterase,,A,,
6FTM,phosphodiesterase,,A,,
6FV9,phosphodiesterase,,A,,
6GXQ,phosphodiesterase,,A,,
6QGP,phosphodiesterase,,A,,
6QGU,phosphodiesterase,,A,,
6RB6,phosphodiesterase,,A,,
6RFN,phosphodiesterase,,A,,
6RFW,phosphodiesterase,,A,,
6RGK,phosphodiesterase,,A,,
7A28,phosphodiesterase,,A,,
7A2F,phosphodiesterase,,A,,
7D7P,phosphodiesterase,,A,,
5MKG,phosphodiesterase,,A,,
1F0J,phosphodiesterase,,A,,
1FSI,phosphodiesterase,,A,,
1JH6,phosphodiesterase,,A,,
1JH7,phosphodiesterase,,A,,
1O1Z,phosphodiesterase,,A,,
1ZCC,phosphodiesterase,,A,,
2DDR,phosphodiesterase,,A,,
2DDS,phosphodiesterase,,A,,
2DDT,phosphodiesterase,,A,,
2HD1,phosphodiesterase,,A,,
2O8H,phosphodiesterase,,A,,
2OVV,phosphodiesterase,,A,,
2OVY,phosphodiesterase,,A,,
2QYM,phosphodiesterase,,A,,
3CH0,phosphodiesterase,,A,,
3NO3,phosphodiesterase,,A,,
3QVQ,phosphodiesterase,,A,,
4B2O,phosphodiesterase,,A,,
4QGE,phosphodiesterase,,A,,
5G57,phosphodiesterase,,A,,
5G5V,phosphodiesterase,,A,,
5I81,phosphodiesterase,,A,,
5I85,phosphodiesterase,,A,,
5M1T,phosphodiesterase,,A,,
5MF5,phosphodiesterase,,A,,
7E2B,phosphodiesterase,,A,,
8GHH,phosphodiesterase,,A,,
8GHI,phosphodiesterase,,A,,
5UVG,phosphodiesterase,,A,,
1MU7,phosphodiesterase,,A,,
1MU9,phosphodiesterase,,A,,
1T6M,phosphodiesterase,,A,,
1VD6,phosphodiesterase,,A,,
1YDY,phosphodiesterase,,A,,
2GSN,phosphodiesterase,,A,,
2GSO,phosphodiesterase,,A,,
2GSU,phosphodiesterase,,A,,
2OOG,phosphodiesterase,,A,,
2PZ0,phosphodiesterase,,A,,
2RH6,phosphodiesterase,,A,,
3DY8,phosphodiesterase,,A,,
3EA1,phosphodiesterase,,A,,
3EA2,phosphodiesterase,,A,,
3EA3,phosphodiesterase,,A,,
3KS5,phosphodiesterase,,A,,
3KS6,phosphodiesterase,,A,,
3MZ2,phosphodiesterase,,A,,
3V16,phosphodiesterase,,A,,
3V18,phosphodiesterase,,A,,
3V1H,phosphodiesterase,,A,,
4F2B,phosphodiesterase,,A,,
4F2T,phosphodiesterase,,A,,
4F2U,phosphodiesterase,,A,,
4I8Y,phosphodiesterase,,A,,
4I90,phosphodiesterase,,A,,
4I9J,phosphodiesterase,,A,,
4I9M,phosphodiesterase,,A,,
4I9T,phosphodiesterase,,A,,
4OEC,phosphodiesterase,,A,,
4RV3,phosphodiesterase,,A,,
4S3G,phosphodiesterase,,A,,
5T91,phosphodiesterase,,A,,
5T9B,phosphodiesterase,,A,,
5T9C,phosphodiesterase,,A,,
5UQJ,phosphodiesterase,,A,,
5V1M,phosphodiesterase,,A,,
5W10,phosphodiesterase,,A,,
6D31,phosphodiesterase,,A,,
1RYP,proteasome,,A,,
1G0U,proteasome,,A,,
3GPT,proteasome,,A,,
3GPW,proteasome,,A,,
3HYE,proteasome,,A,,
4G4S,proteasome,,A,,
1G65,proteasome,,A,,
3NZJ,proteasome,,A,,
3NZW,proteasome,,A,,
3MI0,proteasome,,A,,
6WNK,proteasome,,A,,
1YA7,proteasome,,A,,
1YAR,proteasome,,A,,
1YAU,proteasome,,A,,
5EQT,proteasome,,A,,
3H6I,proteasome,,A,,
3KRD,proteasome,,A,,
4LTC,proteasome,,A,,
4NNN,proteasome,,A,,
4NO1,proteasome,,A,,
4QLQ,proteasome,,A,,
4QV1,proteasome,,A,,
4QVP,proteasome,,A,,
4R02,proteasome,,A,,
4R17,proteasome,,A,,
4R18,proteasome,,A,,
4RUR,proteasome,,A,,
5CZ4,proteasome,,A,,
5CZ7,proteasome,,A,,
5CZA,proteasome,,A,,
5D0S,proteasome,,A,,
5LAI,proteasome,,A,,
5LE5,proteasome,,A,,
5LEX,proteasome,,A,,
5LF1,proteasome,,A,,
5LF3,proteasome,,A,,
5LF4,proteasome,,A,,
5LF7,proteasome,,A,,
6H39,proteasome,,A,,
6HWE,proteasome,,A,,
6HWF,proteasome,,A,,
7AWE,proteasome,,A,,
7B12,proteasome,,A,,
5L5F,proteasome,,A,,
5L5A,proteasome,,A,,
4Y70,proteasome,,A,,
4Y77,proteasome,,A,,
4Y7W,proteasome,,A,,
4Y7Y,proteasome,,A,,
4Y80,proteasome,,A,,
4Y8H,proteasome,,A,,
4Y8L,proteasome,,A,,
4YA5,proteasome,,A,,
5CGH,proteasome,,A,,
5LEY,proteasome,,A,,
5LEZ,proteasome,,A,,
5LF0,proteasome,,A,,
5LF6,proteasome,,A,,
8BZL,proteasome,,A,,
5OVU,proteasome,,A,,
5WTQ,proteasome,,A,,
6JPT,proteasome,,A,,
4O8X,proteasome,,A,,
4O8Y,proteasome,,A,,
4OWP,proteasome,,A,,
4OCL,proteasome,,A,,
4OCM,proteasome,,A,,
2X5N,proteasome,,A,,
4B0Z,proteasome,,A,,
3TXN,proteasome,,A,,
3WHJ,proteasome,,A,,
4O06,proteasome,,A,,
6SJ9,proteasome,,A,,
5U4P,proteasome,,A,,
2O95,proteasome,,A,,
6FJU,proteasome,,A,,
6FJV,proteasome,,A,,
7VO6,proteasome,,A,,
7VXW,proteasome,,A,,
7VY4,proteasome,,A,,
1AM6,carbonic_anhydrase,,A,,
1BN1,carbonic_anhydrase,,A,,
1BN3,carbonic_anhydrase,,A,,
1BN4,carbonic_anhydrase,,A,,
1BNN,carbonic_anhydrase,,A,,
1BNQ,carbonic_anhydrase,,A,,
1BNT,carbonic_anhydrase,,A,,
1BNU,carbonic_anhydrase,,A,,
1BNV,carbonic_anhydrase,,A,,
1BNW,carbonic_anhydrase,,A,,
1DDZ,carbonic_anhydrase,,A,,
1FQL,carbonic_anhydrase,,A,,
1FQM,carbonic_anhydrase,,A,,
1FQR,carbonic_anhydrase,,A,,
1I6O,carbonic_anhydrase,,A,,
1I6P,carbonic_anhydrase,,A,,
1KOP,carbonic_anhydrase,,A,,
1KOQ,carbonic_anhydrase,,A,,
1QQ0,carbonic_anhydrase,,A,,
1QRE,carbonic_anhydrase,,A,,
1QRF,carbonic_anhydrase,,A,,
1QRG,carbonic_anhydrase,,A,,
1QRL,carbonic_anhydrase,,A,,
1QRM,carbonic_anhydrase,,A,,
3EYX,carbonic_anhydrase,,A,,
3OTM,carbonic_anhydrase,,A,,
3OTZ,carbonic_anhydrase,,A,,
3OU9,carbonic_anhydrase,,A,,
3OUP,carbonic_anhydrase,,A,,
3OW5,carbonic_anhydrase,,A,,
3QY1,carbonic_anhydrase,,A,,
3UCJ,carbonic_anhydrase,,A,,
3UCK,carbonic_anhydrase,,A,,
3UCN,carbonic_anhydrase,,A,,
3UCO,carbonic_anhydrase,,A,,
4O1K,carbonic_anhydrase,,A,,
4RXY,carbonic_anhydrase,,A,,
5BQ1,carbonic_anhydrase,,A,,
5CXK,carbonic_anhydrase,,A,,
5HPJ,carbonic_anhydrase,,A,,
5SWC,carbonic_anhydrase,,A,,
6D2J,carbonic_anhydrase,,A,,
6D2M,carbonic_anhydrase,,A,,
6D2N,carbonic_anhydrase,,A,,
6D2O,carbonic_anhydrase,,A,,
6GWU,carbonic_anhydrase,,A,,
6JQC,carbonic_anhydrase,,A,,
6JQD,carbonic_anhydrase,,A,,
6JQE,carbonic_anhydrase,,A,,
6LAC,carbonic_anhydrase,,A,,
6LAI,carbonic_anhydrase,,A,,
6Y04,carbonic_anhydrase,,A,,
7BM4,carbonic_anhydrase,,A,,
7COI,carbonic_anhydrase,,A,,
7COJ,carbonic_anhydrase,,A,,
7CXW,carbonic_anhydrase,,A,,
7CXX,carbonic_anhydrase,,A,,
7CXY,carbonic_anhydrase,,A,,
7NEX,carbonic_anhydrase,,A,,
7NG1,carbonic_anhydrase,,A,,
7NWY,carbonic_anhydrase,,A,,
7O2S,carbonic_anhydrase,,A,,
7O48,carbonic_anhydrase,,A,,
7OA1,carbonic_anhydrase,,A,,
7PRI,carbonic_anhydrase,,A,,
7YZH,carbonic_anhydrase,,A,,
8DPC,carbonic_anhydrase,,A,,
8DYQ,carbonic_anhydrase,,A,,
8GPM,carbonic_anhydrase,,A,,
8GPP,carbonic_anhydrase,,A,,
9EAW,carbonic_anhydrase,,A,,
9FLF,carbonic_anhydrase,,A,,
9R30,carbonic_anhydrase,,A,,
12CA,carbonic_anhydrase,,A,,
1A42,carbonic_anhydrase,,A,,
1AVN,carbonic_anhydrase,,A,,
1AZM,carbonic_anhydrase,,A,,
1BCD,carbonic_anhydrase,,A,,
1BIC,carbonic_anhydrase,,A,,
1BZM,carbonic_anhydrase,,A,,
1CA2,carbonic_anhydrase,,A,,
1CA3,carbonic_anhydrase,,A,,
1CAH,carbonic_anhydrase,,A,,
1CAI,carbonic_anhydrase,,A,,
1CAJ,carbonic_anhydrase,,A,,
1CAK,carbonic_anhydrase,,A,,
1CAL,carbonic_anhydrase,,A,,
1CAM,carbonic_anhydrase,,A,,
1CAN,carbonic_anhydrase,,A,,
1CAO,carbonic_anhydrase,,A,,
1CAY,carbonic_anhydrase,,A,,
1CAZ,carbonic_anhydrase,,A,,
1CCS,carbonic_anhydrase,,A,,
1CCT,carbonic_anhydrase,,A,,
1CCU,carbonic_anhydrase,,A,,
1CIL,carbonic_anhydrase,,A,,
1CIM,carbonic_anhydrase,,A,,
1CIN,carbonic_anhydrase,,A,,
1CNB,carbonic_anhydrase,,A,,
1CNC,carbonic_anhydrase,,A,,
1A4H,hsp90,,A,,
1AH8,hsp90,,A,,
1AM1,hsp90,,A,,
1AMW,hsp90,,A,,
1BGQ,hsp90,,A,,
1YET,hsp90,,A,,
4GQT,hsp90,,A,,
1BYQ,hsp90,,A,,
6CJI,hsp90,,A,,
6CJJ,hsp90,,A,,
6CJL,hsp90,,A,,
6CJR,hsp90,,A,,
6CJS,hsp90,,A,,
9D9D,hsp90,,A,,
9D9E,hsp90,,A,,
9D9F,hsp90,,A,,
9D9G,hsp90,,A,,
9MSU,hsp90,,A,,
9MSV,hsp90,,A,,
9MSX,hsp90,,A,,
9MT3,hsp90,,A,,
9MT9,hsp90,,A,,
2XCM,hsp90,,A,,
7K9R,hsp90,,A,,
7K9U,hsp90,,A,,
7K9V,hsp90,,A,,
7K9W,hsp90,,A,,
3N72,hsp90,,A,,
2BSM,hsp90,,A,,
2BT0,hsp90,,A,,
2BYH,hsp90,,A,,
2BYI,hsp90,,A,,
2BZ5,hsp90,,A,,
2WI6,hsp90,,A,,
4CHH,hsp90,,A,,
5FNC,hsp90,,A,,
5FND,hsp90,,A,,
5FNF,hsp90,,A,,
6HFM,hsp90,,A,,
1ELR,hsp90,,A,,
4CGU,hsp90,,A,,
5HPE,hsp90,,A,,
3FWV,hsp90,,A,,
4CGQ,hsp90,,A,,
3PGH,cyclooxygenase,,A,,
8ET0,cyclooxygenase,,A,,
1VBJ,cyclooxygenase,,A,,
2VNA,cyclooxygenase,,A,,
2W4Q,cyclooxygenase,,A,,
2W98,cyclooxygenase,,A,,
2Y05,cyclooxygenase,,A,,
2ZB3,cyclooxygenase,,A,,
2ZB4,cyclooxygenase,,A,,
2ZB7,cyclooxygenase,,A,,
2ZB8,cyclooxygenase,,A,,
3ATY,cyclooxygenase,,A,,
3ATZ,cyclooxygenase,,A,,
3B98,cyclooxygenase,,A,,
3B99,cyclooxygenase,,A,,
4AL0,cyclooxygenase,,A,,
4AL1,cyclooxygenase,,A,,
4GIE,cyclooxygenase,,A,,
4YK5,cyclooxygenase,,A,,
4YL0,cyclooxygenase,,A,,
4YL1,cyclooxygenase,,A,,
4YL3,cyclooxygenase,,A,,
5BQG,cyclooxygenase,,A,,
5BQH,cyclooxygenase,,A,,
5BQI,cyclooxygenase,,A,,
5K0I,cyclooxygenase,,A,,
5T36,cyclooxygenase,,A,,
5T37,cyclooxygenase,,A,,
5TL9,cyclooxygenase,,A,,
6VL4,cyclooxygenase,,A,,
7ZEJ,cyclooxygenase,,A,,
8PYV,cyclooxygenase,,A,,
9D6W,cyclooxygenase,,A,,
9D6X,cyclooxygenase,,A,,
9D6Z,cyclooxygenase,,A,,
9D71,cyclooxygenase,,A,,
9MDE,cyclooxygenase,,A,,
9MDF,cyclooxygenase,,A,,
9MDH,cyclooxygenase,,A,,
1EJF,cyclooxygenase,,A,,
1IYH,cyclooxygenase,,A,,
1IYI,cyclooxygenase,,A,,
1PD2,cyclooxygenase,,A,,
1Q13,cyclooxygenase,,A,,
1Q5M,cyclooxygenase,,A,,
2WWP,cyclooxygenase,,A,,
3NT1,cyclooxygenase,,A,,
3NTB,cyclooxygenase,,A,,
3O19,cyclooxygenase,,A,,
3O22,cyclooxygenase,,A,,
3O2Y,cyclooxygenase,,A,,
3VI5,cyclooxygenase,,A,,
3VI7,cyclooxygenase,,A,,
4EC0,cyclooxygenase,,A,,
4EDY,cyclooxygenase,,A,,
4EDZ,cyclooxygenase,,A,,
4EE0,cyclooxygenase,,A,,
4ORR,cyclooxygenase,,A,,
4ORS,cyclooxygenase,,A,,
4ORU,cyclooxygenase,,A,,
4ORX,cyclooxygenase,,A,,
4ORY,cyclooxygenase,,A,,
5AIS,cyclooxygenase,,A,,
5AIV,cyclooxygenase,,A,,
5AIX,cyclooxygenase,,A,,
5WY9,cyclooxygenase,,A,,
5Y9Z,cyclooxygenase,,A,,
5YWE,cyclooxygenase,,A,,
5YWX,cyclooxygenase,,A,,
5YX1,cyclooxygenase,,A,,
6N4E,cyclooxygenase,,A,,
6N69,cyclooxygenase,,A,,
6W58,cyclooxygenase,,A,,
6W8H,cyclooxygenase,,A,,
6ZTC,cyclooxygenase,,A,,
7JR6,cyclooxygenase,,A,,
7JR8,cyclooxygenase,,A,,
1Q4G,cyclooxygenase,,A,,
1V40,cyclooxygenase,,A,,
2AYL,cyclooxygenase,,A,,
6FU1,histone_deacetylase,,A,,
6GX3,histone_deacetylase,,A,,
6GXA,histone_deacetylase,,A,,
6GXU,histone_deacetylase,,A,,
6GXW,histone_deacetylase,,A,,
6HRQ,histone_deacetylase,,A,,
6HSF,histone_deacetylase,,A,,
6HSG,histone_deacetylase,,A,,
6HSH,histone_deacetylase,,A,,
6HSZ,histone_deacetylase,,A,,
6HT8,histone_deacetylase,,A,,
6HTG,histone_deacetylase,,A,,
6HTH,histone_deacetylase,,A,,
6HTI,histone_deacetylase,,A,,
6HTT,histone_deacetylase,,A,,
6HTZ,histone_deacetylase,,A,,
6HU0,histone_deacetylase,,A,,
6HU1,histone_deacetylase,,A,,
6HU2,histone_deacetylase,,A,,
6HU3,histone_deacetylase,,A,,
6TLD,histone_deacetylase,,A,,
7P3S,histone_deacetylase,,A,,
9GKV,histone_deacetylase,,A,,
9GKY,histone_deacetylase,,A,,
9GZ5,histone_deacetylase,,A,,
1T64,histone_deacetylase,,A,,
1T67,histone_deacetylase,,A,,
1VKG,histone_deacetylase,,A,,
1W22,histone_deacetylase,,A,,
2V5X,histone_deacetylase,,A,,
2VQJ,histone_deacetylase,,A,,
2VQM,histone_deacetylase,,A,,
2VQO,histone_deacetylase,,A,,
2VQQ,histone_deacetylase,,A,,
3C0Y,histone_deacetylase,,A,,
3C0Z,histone_deacetylase,,A,,
3C10,histone_deacetylase,,A,,
3C5K,histone_deacetylase,,A,,
3EW8,histone_deacetylase,,A,,
3MAX,histone_deacetylase,,A,,
3MZ4,histone_deacetylase,,A,,
3MZ6,histone_deacetylase,,A,,
3MZ7,histone_deacetylase,,A,,
3SFF,histone_deacetylase,,A,,
3ZNR,histone_deacetylase,,A,,
3ZNS,histone_deacetylase,,A,,
4BZ5,histone_deacetylase,,A,,
4BZ6,histone_deacetylase,,A,,
4BZ7,histone_deacetylase,,A,,
4BZ8,histone_deacetylase,,A,,
4BZ9,histone_deacetylase,,A,,
4CQF,histone_deacetylase,,A,,
4LXZ,histone_deacetylase,,A,,
4LY1,histone_deacetylase,,A,,
4QA0,histone_deacetylase,,A,,
4QA1,histone_deacetylase,,A,,
4QA2,histone_deacetylase,,A,,
4QA4,histone_deacetylase,,A,,
4RN0,histone_deacetylase,,A,,
4RN1,histone_deacetylase,,A,,
4RN2,histone_deacetylase,,A,,
5B8D,histone_deacetylase,,A,,
5BWZ,histone_deacetylase,,A,,
5DC5,histone_deacetylase,,A,,
5FCW,histone_deacetylase,,A,,
5FUE,histone_deacetylase,,A,,
5IKK,histone_deacetylase,,A,,
5IWG,histone_deacetylase,,A,,
5IX0,histone_deacetylase,,A,,
5KH3,histone_deacetylase,,A,,
5KH7,histone_deacetylase,,A,,
5KH9,histone_deacetylase,,A,,
5THS,histone_deacetylase,,A,,
5THT,histone_deacetylase,,A,,
5THU,histone_deacetylase,,A,,
5THV,histone_deacetylase,,A,,
5WBN,histone_deacetylase,,A,,
5WPB,histone_deacetylase,,A,,
6CE6,histone_deacetylase,,A,,
6CE8,histone_deacetylase,,A,,
3T33,gpcr,,A,,
6V55,gpcr,,A,,
4TNB,gpcr,,A,,
4TND,gpcr,,A,,
4WNK,gpcr,,A,,
8B55,gpcr,,A,,
8OEK,gpcr,,A,,
8UAP,gpcr,,A,,
5KVM,gpcr,,A,,
6PJX,gpcr,,A,,
8TF5,gpcr,,A,,
6GYH,gpcr,,A,,
6LI0,gpcr,,A,,
4KT1,gpcr,,A,,
4UFR,gpcr,,A,,
6JBU,gpcr,,A,,
4QXE,gpcr,,A,,
4KNG,gpcr,,A,,
3V5W,gpcr,,A,,
4DQB,aspartyl_protease,,A,,
4DQC,aspartyl_protease,,A,,
4DQE,aspartyl_protease,,A,,
4DQF,aspartyl_protease,,A,,
4Q1W,aspartyl_protease,,A,,
4Q1X,aspartyl_protease,,A,,
4Q1Y,aspartyl_protease,,A,,
8TYH,aspartyl_protease,,A,,
1A8K,aspartyl_protease,,A,,
1TCX,aspartyl_protease,,A,,
4FE6,aspartyl_protease,,A,,
4TVG,aspartyl_protease,,A,,
3O9L,aspartyl_protease,,A,,
3OAD,aspartyl_protease,,A,,
3OAG,aspartyl_protease,,A,,
1BIL,aspartyl_protease,,A,,
1HRN,aspartyl_protease,,A,,
1RNE,aspartyl_protease,,A,,
2BKS,aspartyl_protease,,A,,
2BKT,aspartyl_protease,,A,,
2FS4,aspartyl_protease,,A,,
2G1R,aspartyl_protease,,A,,
2G1S,aspartyl_protease,,A,,
2G1Y,aspartyl_protease,,A,,
2G20,aspartyl_protease,,A,,
2G21,aspartyl_protease,,A,,
2G22,aspartyl_protease,,A,,
2G24,aspartyl_protease,,A,,
2G26,aspartyl_protease,,A,,
2I4Q,aspartyl_protease,,A,,
2IKO,aspartyl_protease,,A,,
2IL2,aspartyl_protease,,A,,
2REN,aspartyl_protease,,A,,
2V0Z,aspartyl_protease,,A,,
3D91,aspartyl_protease,,A,,
3G6Z,aspartyl_protease,,A,,
3G70,aspartyl_protease,,A,,
3G72,aspartyl_protease,,A,,
3GW5,aspartyl_protease,,A,,
3K1W,aspartyl_protease,,A,,
3KM4,aspartyl_protease,,A,,
3OWN,aspartyl_protease,,A,,
3Q4B,aspartyl_protease,,A,,
3Q5H,aspartyl_protease,,A,,
3SFC,aspartyl_protease,,A,,
4GJ5,aspartyl_protease,,A,,
4GJ8,aspartyl_protease,,A,,
4GJC,aspartyl_protease,,A,,
4Q1N,aspartyl_protease,,A,,
4RYC,aspartyl_protease,,A,,
4S1G,aspartyl_protease,,A,,
4XX3,aspartyl_protease,,A,,
4XX4,aspartyl_protease,,A,,
5KOS,aspartyl_protease,,A,,
5KOT,aspartyl_protease,,A,,
5SXN,aspartyl_protease,,A,,
5SY2,aspartyl_protease,,A,,
5SY3,aspartyl_protease,,A,,
5TMG,aspartyl_protease,,A,,
7XGK,aspartyl_protease,,A,,
7XGO,aspartyl_protease,,A,,
5APR,aspartyl_protease,,A,,
3LC8,aspartyl_protease,,A,,
2ER7,aspartyl_protease,,A,,
5MCO,aspartyl_protease,,A,,
5MCQ,aspartyl_protease,,A,,
2I42,phosphatase,,A,,
3FXJ,phosphatase,,A,,
3FXK,phosphatase,,A,,
3FXL,phosphatase,,A,,
3FXM,phosphatase,,A,,
3FXO,phosphatase,,A,,
4LRQ,phosphatase,,A,,
4RA2,phosphatase,,A,,
4RAF,phosphatase,,A,,
4RAG,phosphatase,,A,,
5F1M,phosphatase,,A,,
6IHL,phosphatase,,A,,
6IHR,phosphatase,,A,,
6IHS,phosphatase,,A,,
6IHU,phosphatase,,A,,
6IHV,phosphatase,,A,,
6IHW,phosphatase,,A,,
7L4J,phosphatase,,A,,
7N0Z,phosphatase,,A,,
8T2J,phosphatase,,A,,
1G5B,phosphatase,,A,,
1YWF,phosphatase,,A,,
2HCM,phosphatase,,A,,
2OZ5,phosphatase,,A,,
2RF6,phosphatase,,A,,
2WJE,phosphatase,,A,,
2WJF,phosphatase,,A,,
2YD1,phosphatase,,A,,
3BLT,phosphatase,,A,,
3BLU,phosphatase,,A,,
3CM3,phosphatase,,A,,
3F99,phosphatase,,A,,
3F9A,phosphatase,,A,,
3F9B,phosphatase,,A,,
3N0A,phosphatase,,A,,
3QY6,phosphatase,,A,,
3QY7,phosphatase,,A,,
3QY8,phosphatase,,A,,
3S3E,phosphatase,,A,,
3U96,phosphatase,,A,,
3UJK,phosphatase,,A,,
4AZ1,phosphatase,,A,,
4DA1,phosphatase,,A,,
4YAA,phosphatase,,A,,
4YZG,phosphatase,,A,,
4Z6B,phosphatase,,A,,
4ZI4,phosphatase,,A,,
4ZN5,phosphatase,,A,,
6BYF,phosphatase,,A,,
6E3B,phosphatase,,A,,
6IHT,phosphatase,,A,,
6X38,phosphatase,,A,,
7MOD,phosphatase,,A,,
7MOE,phosphatase,,A,,
7MOF,phosphatase,,A,,
7MOG,phosphatase,,A,,
7MOH,phosphatase,,A,,
7MOI,phosphatase,,A,,
7MOJ,phosphatase,,A,,
7MOK,phosphatase,,A,,
7MOL,phosphatase,,A,,
7MOM,phosphatase,,A,,
1A17,phosphatase,,A,,
1S95,phosphatase,,A,,
1ZZW,phosphatase,,A,,
2CM1,phosphatase,,A,,
2ESB,phosphatase,,A,,
2HXP,phosphatase,,A,,
2I1Y,phosphatase,,A,,
2IMG,phosphatase,,A,,
2IQ1,phosphatase,,A,,
2NT2,phosphatase,,A,,
2WGP,phosphatase,,A,,
3F81,phosphatase,,A,,
3H60,phosphatase,,A,,
3H61,phosphatase,,A,,
3H62,phosphatase,,A,,
3H63,phosphatase,,A,,
3H64,phosphatase,,A,,
3H67,phosphatase,,A,,
3H68,phosphatase,,A,,
3H69,phosphatase,,A,,
3ICF,phosphatase,,A,,
3M4U,phosphatase,,A,,
3S4E,phosphatase,,A,,
4D3P,phosphatase,,A,,
4D3Q,phosphatase,,A,,
4D3R,phosphatase,,A,,
4ERC,phosphatase,,A,,
4JA7,phosphatase,,A,,
4JA9,phosphatase,,A,,
4JMK,phosphatase,,A,,
4KI9,phosphatase,,A,,
4WOH,phosphatase,,A,,
4Y2E,phosphatase,,A,,
4ZVZ,phosphatase,,A,,
4ZX2,phosphatase,,A,,
5GTJ,phosphatase,,A,,
5JJT,phosphatase,,A,,
5MN0,phosphatase,,A,,
5C4Q,bromodomain,,A,,
5CZG,bromodomain,,A,,
4A9I,bromodomain,,A,,
4A9J,bromodomain,,A,,
4A9M,bromodomain,,A,,
4A9N,bromodomain,,A,,
4A9O,bromodomain,,A,,
4ALH,bromodomain,,A,,
4PKL,bromodomain,,A,,
4PY6,bromodomain,,A,,
9HH7,bromodomain,,A,,
9HHC,bromodomain,,A,,
9HHD,bromodomain,,A,,
4UYF,bromodomain,,A,,
1X0J,bromodomain,,A,,
2DVV,bromodomain,,A,,
2DWW,bromodomain,,A,,
2NXB,bromodomain,,A,,
2OO1,bromodomain,,A,,
2OSS,bromodomain,,A,,
2OUO,bromodomain,,A,,
2YDW,bromodomain,,A,,
2YEK,bromodomain,,A,,
2YEM,bromodomain,,A,,
3AQA,bromodomain,,A,,
3JVJ,bromodomain,,A,,
3JVL,bromodomain,,A,,
3JVM,bromodomain,,A,,
3LYI,bromodomain,,A,,
3MXF,bromodomain,,A,,
3P5O,bromodomain,,A,,
3RCW,bromodomain,,A,,
3S91,bromodomain,,A,,
3S92,bromodomain,,A,,
3SVF,bromodomain,,A,,
3SVG,bromodomain,,A,,
3U5J,bromodomain,,A,,
3U5K,bromodomain,,A,,
3U5L,bromodomain,,A,,
3ZYU,bromodomain,,A,,
4A9E,bromodomain,,A,,
4A9F,bromodomain,,A,,
4A9H,bromodomain,,A,,
4A9L,bromodomain,,A,,
4AKN,bromodomain,,A,,
4ALG,bromodomain,,A,,
4BJX,bromodomain,,A,,
4BW1,bromodomain,,A,,
4BW2,bromodomain,,A,,
4BW3,bromodomain,,A,,
4BW4,bromodomain,,A,,
4C66,bromodomain,,A,,
4C67,bromodomain,,A,,
4CL9,bromodomain,,A,,
4CLB,bromodomain,,A,,
4DON,bromodomain,,A,,
4E96,bromodomain,,A,,
4F3I,bromodomain,,A,,
4FLP,bromodomain,,A,,
4GPJ,bromodomain,,A,,
4HBV,bromodomain,,A,,
4HBW,bromodomain,,A,,
4HBX,bromodomain,,A,,
4HBY,bromodomain,,A,,
4HXK,bromodomain,,A,,
4HXL,bromodomain,,A,,
4HXM,bromodomain,,A,,
4HXN,bromodomain,,A,,
4HXO,bromodomain,,A,,
4HXP,bromodomain,,A,,
4HXR,bromodomain,,A,,
4HXS,bromodomain,,A,,
4IOO,bromodomain,,A,,
4IOQ,bromodomain,,A,,
4IOR,bromodomain,,A,,
4J0R,bromodomain,,A,,
4J0S,bromodomain,,A,,
4J3I,bromodomain,,A,,
4KCX,bromodomain,,A,,
4LDF,bromodomain,,A,,
4LR6,bromodomain,,A,,
4LRG,bromodomain,,A,,
4LYI,bromodomain,,A,,
4LYS,bromodomain,,A,,
4LYW,bromodomain,,A,,
4LZR,bromodomain,,A,,
4LZS,bromodomain,,A,,
4MEN,bromodomain,,A,,
4MEO,bromodomain,,A,,
4MEP,bromodomain,,A,,
4MEQ,bromodomain,,A,,
4MR3,bromodomain,,A,,
4MR4,bromodomain,,A,,
4MR5,bromodomain,,A,,
4MR6,bromodomain,,A,,
4NQM,bromodomain,,A,,
4NQN,bromodomain,,A,,
4NR8,bromodomain,,A,,
4NUC,bromodomain,,A,,
4NUD,bromodomain,,A,,
1AI9,dihydrofolate_reductase,,A,,
1AOE,dihydrofolate_reductase,,A,,
1CD2,dihydrofolate_reductase,,A,,
1CZ3,dihydrofolate_reductase,,A,,
1D1G,dihydrofolate_reductase,,A,,
1DAJ,dihydrofolate_reductase,,A,,
1DDR,dihydrofolate_reductase,,A,,
1DDS,dihydrofolate_reductase,,A,,
1DF7,dihydrofolate_reductase,,A,,
1DG5,dihydrofolate_reductase,,A,,
1DG7,dihydrofolate_reductase,,A,,
1DG8,dihydrofolate_reductase,,A,,
1DHF,dihydrofolate_reductase,,A,,
1DHI,dihydrofolate_reductase,,A,,
1DHJ,dihydrofolate_reductase,,A,,
1DLR,dihydrofolate_reductase,,A,,
1DLS,dihydrofolate_reductase,,A,,
1DR1,dihydrofolate_reductase,,A,,
1DR2,dihydrofolate_reductase,,A,,
1DR3,dihydrofolate_reductase,,A,,
1DR4,dihydrofolate_reductase,,A,,
1DR5,dihydrofolate_reductase,,A,,
1DR6,dihydrofolate_reductase,,A,,
1DR7,dihydrofolate_reductase,,A,,
1DRA,dihydrofolate_reductase,,A,,
1DRB,dihydrofolate_reductase,,A,,
1DRF,dihydrofolate_reductase,,A,,
1DRH,dihydrofolate_reductase,,A,,
1DYH,dihydrofolate_reductase,,A,,
1DYI,dihydrofolate_reductase,,A,,
1DYJ,dihydrofolate_reductase,,A,,
1DYR,dihydrofolate_reductase,,A,,
1E26,dihydrofolate_reductase,,A,,
1HFP,dihydrofolate_reductase,,A,,
1HFQ,dihydrofolate_reductase,,A,,
1HFR,dihydrofolate_reductase,,A,,
1IA1,dihydrofolate_reductase,,A,,
1IA2,dihydrofolate_reductase,,A,,
1IA3,dihydrofolate_reductase,,A,,
1IA4,dihydrofolate_reductase,,A,,
1JOL,dihydrofolate_reductase,,A,,
1JOM,dihydrofolate_reductase,,A,,
1JUV,dihydrofolate_reductase,,A,,
1KLK,dihydrofolate_reductase,,A,,
1KMS,dihydrofolate_reductase,,A,,
1KMV,dihydrofolate_reductase,,A,,
1LY3,dihydrofolate_reductase,,A,,
1LY4,dihydrofolate_reductase,,A,,
1M78,dihydrofolate_reductase,,A,,
1M79,dihydrofolate_reductase,,A,,
1M7A,dihydrofolate_reductase,,A,,
1MVS,dihydrofolate_reductase,,A,,
1MVT,dihydrofolate_reductase,,A,,
1OHJ,dihydrofolate_reductase,,A,,
1OHK,dihydrofolate_reductase,,A,,
1PD8,dihydrofolate_reductase,,A,,
1PD9,dihydrofolate_reductase,,A,,
1RA1,dihydrofolate_reductase,,A,,
1RA2,dihydrofolate_reductase,,A,,
1RA3,dihydrofolate_reductase,,A,,
1RA8,dihydrofolate_reductase,,A,,
1RA9,dihydrofolate_reductase,,A,,
1RB2,dihydrofolate_reductase,,A,,
1RB3,dihydrofolate_reductase,,A,,
1RC4,dihydrofolate_reductase,,A,,
1RF7,dihydrofolate_reductase,,A,,
1RG7,dihydrofolate_reductase,,A,,
1RH3,dihydrofolate_reductase,,A,,
1RX1,dihydrofolate_reductase,,A,,
1RX2,dihydrofolate_reductase,,A,,
1RX3,dihydrofolate_reductase,,A,,
1RX4,dihydrofolate_reductase,,A,,
1RX5,dihydrofolate_reductase,,A,,
1RX6,dihydrofolate_reductase,,A,,
1RX7,dihydrofolate_reductase,,A,,
1RX9,dihydrofolate_reductase,,A,,
1S3U,dihydrofolate_reductase,,A,,
1S3V,dihydrofolate_reductase,,A,,
1S3W,dihydrofolate_reductase,,A,,
1S3Y,dihydrofolate_reductase,,A,,
